{"x":-10.081000000000035,"y":-113.56800000000007}